XX,YY
2,1.283000598199168
3,0.9375
4,0.7155417527999328
5,0.5670115145331432
6,0.4628136404194621
7,0.38669902096139325
8,0.32921810699588455
9,0.2846049894151539
10,0.24918292940311038
11,0.2205157278154821
12,0.1969349809083654
13,0.17726510943171012
14,0.1606570869537891
15,0.146484375
16,
