XX,YY
10,6.333333333333334
12,6.0
15,6.8235294117647065
17,6.947368421052632
19,6.636363636363637
22,6.800000000000001
25,1.676470588235294
68,-1.2436040044493883
899,17.671772428884026
457,4.977099236641221
655,117.0909090909091
55,10.222222222222221
45,11.636363636363637
33,2.9253731343283578
67,7.4
