XX,YY
1,3.0
2,4.666666666666667
3,5.5
4,6.0
5,6.333333333333334
6,6.571428571428571
7,6.75
8,6.888888888888889
9,7.0
10,7.090909090909092
11,7.166666666666666
12,7.23076923076923
13,7.2857142857142865
14,7.333333333333334
15,7.4
